{"cameraMode":{"drawMode":0,"name":"Shaded","section":"Shading Mode"},"sceneLighting":false,"audioPlay":false,"sceneViewState":{"m_AlwaysRefresh":false,"showFog":true,"showSkybox":false,"showFlares":true,"showImageEffects":true,"showParticleSystems":true,"showVisualEffectGraphs":true,"m_FxEnabled":true},"in2DMode":false,"pivot":{"x":0.23928311467170716,"y":0.4778304696083069,"z":-2.655010223388672},"rotation":{"x":0.003209478920325637,"y":-0.030421074479818345,"z":-0.001282398821786046,"w":-0.9997051358222961},"size":2.459916353225708,"orthographic":false}