{"cameraMode":{"drawMode":0,"name":"Shaded","section":"Shading Mode"},"sceneLighting":false,"audioPlay":false,"sceneViewState":{"m_AlwaysRefresh":false,"showFog":true,"showSkybox":false,"showFlares":true,"showImageEffects":true,"showParticleSystems":true,"showVisualEffectGraphs":true,"m_FxEnabled":true},"in2DMode":false,"pivot":{"x":-1.0341570377349854,"y":4.861865997314453,"z":-4.774082660675049},"rotation":{"x":-0.27927595376968386,"y":-0.05008808523416519,"z":0.012495358474552632,"w":-0.9590752124786377},"size":0.8660253882408142,"orthographic":false}