{"cameraMode":{"drawMode":0,"name":"Shaded","section":"Shading Mode"},"sceneLighting":false,"audioPlay":false,"sceneViewState":{"m_AlwaysRefresh":false,"showFog":true,"showSkybox":false,"showFlares":true,"showImageEffects":true,"showParticleSystems":true,"showVisualEffectGraphs":true,"m_FxEnabled":true},"in2DMode":false,"pivot":{"x":-0.22927844524383546,"y":-0.13615679740905763,"z":-0.11257398128509522},"rotation":{"x":0.2704131007194519,"y":-0.2569907307624817,"z":0.0774344876408577,"w":0.9245734214782715},"size":1.259153962135315,"orthographic":false}